{"origins": [0,52,30,52,62,52,90,52,122,52,152,52,172,52,202,52,0,118,16,118,32,118,63,118,80,118,127,118,159,118,189,118,221,118,0,184,22,184,49,184,70,184,102,184,131,184,175,184,205,184,0,250,28,250],"uvs": [0.0,0.109375,1.0,0.7421875,0.1171875,0.234375,1.0,0.7421875,0.2421875,0.34375,1.0,0.7421875,0.3515625,0.46875,1.0,0.7421875,0.4765625,0.5859375,1.0,0.7421875,0.59375,0.6640625,1.0,0.7421875,0.671875,0.78125,1.0,0.7421875,0.7890625,0.90625,1.0,0.7421875,0.0,0.0546875,0.7421875,0.484375,0.0625,0.1171875,0.7421875,0.484375,0.125,0.23828125,0.7421875,0.484375,0.24609375,0.3046875,0.7421875,0.484375,0.3125,0.48828125,0.7421875,0.484375,0.49609375,0.61328125,0.7421875,0.484375,0.62109375,0.73046875,0.7421875,0.484375,0.73828125,0.85546875,0.7421875,0.484375,0.86328125,0.98046875,0.7421875,0.484375,0.0,0.078125,0.484375,0.2265625,0.0859375,0.18359375,0.484375,0.2265625,0.19140625,0.265625,0.484375,0.2265625,0.2734375,0.390625,0.484375,0.2265625,0.3984375,0.50390625,0.484375,0.2265625,0.51171875,0.67578125,0.484375,0.2265625,0.68359375,0.79296875,0.484375,0.2265625,0.80078125,0.90625,0.484375,0.2265625,0.0,0.1015625,0.2265625,-0.03125,0.109375,0.15625,0.2265625,-0.03125]}